Publicaciones,URL,Precio,Cuotas,Fecha,Precio_numerico,Stock Disponible
Funda Cubre Lavarropas Frontal Samsung 7 Kg Lona Impermeable,https://articulo.mercadolibre.com.ar/MLA-1882795014-funda-cubre-lavarropas-frontal-samsung-7-kg-lona-impermeable-_JM#polycard_client=search-nordic&position=28&search_layout=stack&type=item&tracking_id=35387be3-edf1-46c5-8b65-a2b2f7c9e52f,$45.000,Sin cuotas,2024-08-19,45000.0,2
Motor Weg U0080 Para Lavarropas 7 Contactos Carga Frontal,https://articulo.mercadolibre.com.ar/MLA-1830950588-motor-weg-u0080-para-lavarropas-7-contactos-carga-frontal-_JM#polycard_client=search-nordic&position=49&search_layout=stack&type=item&tracking_id=c3984614-96a5-43ed-b073-1b25dbe45690,$227.247,Sin cuotas,2024-08-19,227247.0,10
Repuesto Placa Lavarropa Samsung  7kg Carga Frontal,https://articulo.mercadolibre.com.ar/MLA-1764205432-repuesto-placa-lavarropa-samsung-7kg-carga-frontal-_JM#polycard_client=search-nordic&position=22&search_layout=stack&type=item&tracking_id=c3984614-96a5-43ed-b073-1b25dbe45690,$431.268,Sin cuotas,2024-08-19,431268.0,5
Repuesto Placa Lavarropa Samsung 7kg Carga Frontal Eee,https://articulo.mercadolibre.com.ar/MLA-1886713166-repuesto-placa-lavarropa-samsung-7kg-carga-frontal-eee-_JM#polycard_client=search-nordic&position=25&search_layout=stack&type=item&tracking_id=c3984614-96a5-43ed-b073-1b25dbe45690,$442.639,Sin cuotas,2024-08-19,442639.0,10
Lavarropas Carga Frontal Enova Ewmf-b7 7kg 240v Blanco,https://www.mercadolibre.com.ar/lavarropas-carga-frontal-enova-ewmf-b7-7kg-240v-blanco/p/MLA20911490#polycard_client=search-nordic&searchVariation=MLA20911490&position=1&search_layout=stack&type=product&tracking_id=35387be3-edf1-46c5-8b65-a2b2f7c9e52f&wid=MLA1625180372&sid=search,$643.275,Cuota Simple en 6 cuotas de $124.452,2024-08-19,643275.0,3
Lavarropas Drean Next 7.10 Eco Carga Frontal 7kg 1000 Rpm ,https://articulo.mercadolibre.com.ar/MLA-828357001-lavarropas-drean-next-710-eco-carga-frontal-7kg-1000-rpm-_JM#polycard_client=search-nordic&position=26&search_layout=stack&type=item&tracking_id=c3984614-96a5-43ed-b073-1b25dbe45690,$659.504,Cuota Simple en 6 cuotas de $127.592,2024-08-19,659504.0,5
Lavarropa Carga Frontal Automatico Drean Next7kg 1000rpm7.10,https://articulo.mercadolibre.com.ar/MLA-825572179-lavarropa-carga-frontal-automatico-drean-next7kg-1000rpm710-_JM#polycard_client=search-nordic&position=46&search_layout=stack&type=item&tracking_id=96ac9ac4-ba0d-45b9-825f-39f64a8f7f08,$697.949,Sin cuotas,2024-08-19,697949.0,2
Lavarropa Carga Frontal Automatico Drean Next7kg 1000rpm7.10,https://articulo.mercadolibre.com.ar/MLA-673203039-lavarropa-carga-frontal-automatico-drean-next7kg-1000rpm710-_JM#polycard_client=search-nordic&position=2&search_layout=stack&type=item&tracking_id=96ac9ac4-ba0d-45b9-825f-39f64a8f7f08,$697.949,Sin cuotas,2024-08-19,697949.0,2
Lavarropas Automático Drean Next 7.09 Eco Blanco 7kg 220 v,https://articulo.mercadolibre.com.ar/MLA-1164844072-lavarropas-automatico-drean-next-709-eco-blanco-7kg-220v-_JM#polycard_client=search-nordic&position=8&search_layout=stack&type=item&tracking_id=35387be3-edf1-46c5-8b65-a2b2f7c9e52f,$699.999,Cuota Simple en 6 cuotas de $135.426,2024-08-19,699999.0,Última Disponible
Lavarropas Carga Frontal Drean Next 7.10 Blanco 7kg 1000rpm,https://articulo.mercadolibre.com.ar/MLA-732278785-lavarropas-carga-frontal-drean-next-710-blanco-7kg-1000rpm-_JM#polycard_client=search-nordic&position=35&search_layout=stack&type=item&tracking_id=c3984614-96a5-43ed-b073-1b25dbe45690,$704.999,Cuota Simple en 6 cuotas de $136.393,2024-08-19,704999.0,20
Lavarropas Automático BGH BWFA07W21AR Blanco 7kg 220 V,https://www.mercadolibre.com.ar/lavarropas-automatico-bgh-bwfa07w21ar-blanco-7kg-220v/p/MLA22378659#polycard_client=search-nordic&searchVariation=MLA22378659&position=15&search_layout=stack&type=product&tracking_id=c3984614-96a5-43ed-b073-1b25dbe45690&wid=MLA1459792564&sid=search,$726.000,Cuota Simple en 6 cuotas de $140.456,2024-08-19,726000.0,4
Lavarropas Automático Drean Next 7.10 Eco 7kg 1000rpm,https://articulo.mercadolibre.com.ar/MLA-750168915-lavarropas-automatico-drean-next-710-eco-7kg-1000rpm-_JM#polycard_client=search-nordic&position=35&search_layout=stack&type=item&tracking_id=35387be3-edf1-46c5-8b65-a2b2f7c9e52f,$729.699,Sin cuotas,2024-08-19,729699.0,2
Lavarropas Automático Drean Next 7.09 Eco Blanco 7kg 220 v,https://articulo.mercadolibre.com.ar/MLA-1668602276-lavarropas-automatico-drean-next-709-eco-blanco-7kg-220v-_JM#polycard_client=search-nordic&position=28&search_layout=stack&type=item&tracking_id=7edfcfc9-3f8e-4011-a71e-3d5d79fbd1c2,$743.180,Sin cuotas,2024-08-19,743180.0,5
Lavarropas Automático Drean Next 7.10 Eco Blanco 7kg 220 v,https://articulo.mercadolibre.com.ar/MLA-1383695529-lavarropas-automatico-drean-next-710-eco-blanco-7kg-220v-_JM#polycard_client=search-nordic&position=15&search_layout=stack&type=item&tracking_id=35387be3-edf1-46c5-8b65-a2b2f7c9e52f,$744.799,Cuota Simple en 6 cuotas de $144.093,2024-08-19,744799.0,5
Lavarropas Carga Frontal Drean Next 7.10 Blanco 7kg 1000rpm,https://articulo.mercadolibre.com.ar/MLA-1431412809-lavarropas-carga-frontal-drean-next-710-blanco-7kg-1000rpm-_JM#polycard_client=search-nordic&position=20&search_layout=stack&type=item&tracking_id=35387be3-edf1-46c5-8b65-a2b2f7c9e52f,$749.999,Cuota Simple en 6 cuotas de $145.099,2024-08-19,749999.0,10
Lavarropas Drean Next 7.09 7kgs. 900 Rpm Carga Frontal,https://articulo.mercadolibre.com.ar/MLA-666866635-lavarropas-drean-next-709-7kgs-900-rpm-carga-frontal-_JM#polycard_client=search-nordic&position=15&search_layout=stack&type=item&tracking_id=2cfe138b-242d-4545-a6bf-48fdb6aed6c8,$751.269,Sin cuotas,2024-08-19,751269.0,Última Disponible
Lavarropas Drean 7.09 Eco 7kg 900rpm Carga Frontal,https://articulo.mercadolibre.com.ar/MLA-767477786-lavarropas-drean-709-eco-7kg-900rpm-carga-frontal-_JM#polycard_client=search-nordic&position=34&search_layout=stack&type=item&tracking_id=96ac9ac4-ba0d-45b9-825f-39f64a8f7f08,$752.498,Sin cuotas,2024-08-19,752498.0,4
Lavarropas Samsung Ww70a4000ee 7kg 1000rpm,https://articulo.mercadolibre.com.ar/MLA-1281866435-lavarropas-samsung-ww70a4000ee-7kg-1000rpm-_JM#polycard_client=search-nordic&position=47&search_layout=stack&type=item&tracking_id=c3984614-96a5-43ed-b073-1b25dbe45690,$752.513,Sin cuotas,2024-08-19,752513.0,2
Lavarropas automático Drean Next 7.09 ECO blanco 7kg 220 V - 240 V,https://www.mercadolibre.com.ar/lavarropas-automatico-drean-next-709-eco-blanco-7kg-220v-240v/p/MLA21282657#polycard_client=search-nordic&searchVariation=MLA21282657&position=1&search_layout=stack&type=product&tracking_id=2cfe138b-242d-4545-a6bf-48fdb6aed6c8&wid=MLA1400764907&sid=search,$758.499,Cuota Simple en 6 cuotas de $146.744,2024-08-19,758499.0,Última Disponible
Lavarropas Automático Inverter Whirlpool 7kg 1200rpm Wnq70ab,https://articulo.mercadolibre.com.ar/MLA-1800863812-lavarropas-automatico-inverter-whirlpool-7kg-1200rpm-wnq70ab-_JM#polycard_client=search-nordic&position=23&search_layout=stack&type=item&tracking_id=c3984614-96a5-43ed-b073-1b25dbe45690,$759.999,Cuota Simple en 6 cuotas de $147.034,2024-08-19,759999.0,10
Lavarropas Automático Drean Next 7.10 Eco Blanco 7kg 220 v,https://articulo.mercadolibre.com.ar/MLA-1718203846-lavarropas-automatico-drean-next-710-eco-blanco-7kg-220v-_JM#polycard_client=search-nordic&position=9&search_layout=stack&type=item&tracking_id=7edfcfc9-3f8e-4011-a71e-3d5d79fbd1c2,$759.999,Sin cuotas,2024-08-19,759999.0,Última Disponible
Lavarropas Automático Drean Next 7.10 Eco Blanco 7kg 220 v,https://articulo.mercadolibre.com.ar/MLA-1376250227-lavarropas-automatico-drean-next-710-eco-blanco-7kg-220v-_JM#polycard_client=search-nordic&position=5&search_layout=stack&type=item&tracking_id=96ac9ac4-ba0d-45b9-825f-39f64a8f7f08,$759.999,Sin cuotas,2024-08-19,759999.0,5
Lavarropas Automático Whirlpool Wnq70ab Inverter Blanco 7kg ,https://articulo.mercadolibre.com.ar/MLA-1737255502-lavarropas-automatico-whirlpool-wnq70ab-inverter-blanco-7kg-_JM#polycard_client=search-nordic&position=24&search_layout=stack&type=item&tracking_id=c3984614-96a5-43ed-b073-1b25dbe45690,$760.999,Cuota Simple en 6 cuotas de $147.227,2024-08-19,760999.0,5
"Lavarropas Drean 7,10 Eco 7kg 1000rpm Carga Frontal",https://articulo.mercadolibre.com.ar/MLA-767473919-lavarropas-drean-710-eco-7kg-1000rpm-carga-frontal-_JM#polycard_client=search-nordic&position=39&search_layout=stack&type=item&tracking_id=2cfe138b-242d-4545-a6bf-48fdb6aed6c8,$763.248,Cuota Simple en 6 cuotas de $147.663,2024-08-19,763248.0,Última Disponible
Lavarropas Carga Frontal Drean Next 7.10 Blanco 7kg 1000rpm,https://articulo.mercadolibre.com.ar/MLA-1807767240-lavarropas-carga-frontal-drean-next-710-blanco-7kg-1000rpm-_JM#polycard_client=search-nordic&position=42&search_layout=stack&type=item&tracking_id=35387be3-edf1-46c5-8b65-a2b2f7c9e52f,$765.195,Cuota Simple en 6 cuotas de $148.039,2024-08-19,765195.0,Última Disponible
Lavarropas Automático Drean Next 7.10 Eco Blanco 7kg 1000rpm,https://articulo.mercadolibre.com.ar/MLA-1391317889-lavarropas-automatico-drean-next-710-eco-blanco-7kg-1000rpm-_JM#polycard_client=search-nordic&position=37&search_layout=stack&type=item&tracking_id=96ac9ac4-ba0d-45b9-825f-39f64a8f7f08,$768.995,Cuota Simple en 6 cuotas de $148.774,2024-08-19,768995.0,4
Lavarropas Whirlpool Wnq70ab 7kg Carga Frontal 1200rpm,https://articulo.mercadolibre.com.ar/MLA-1440278661-lavarropas-whirlpool-wnq70ab-7kg-carga-frontal-1200rpm-_JM#polycard_client=search-nordic&position=45&search_layout=stack&type=item&tracking_id=96ac9ac4-ba0d-45b9-825f-39f64a8f7f08,$768.999,Cuota Simple en 6 cuotas de $148.775,2024-08-19,768999.0,5
Lavarropas Whirlpool Wnq70ab 7kg Carga Frontal 1200rpm ,https://articulo.mercadolibre.com.ar/MLA-1332153844-lavarropas-whirlpool-wnq70ab-7kg-carga-frontal-1200rpm-_JM#polycard_client=search-nordic&position=27&search_layout=stack&type=item&tracking_id=c3984614-96a5-43ed-b073-1b25dbe45690,$769.999,Cuota Simple en 6 cuotas de $148.969,2024-08-19,769999.0,Última Disponible
Lavarropas Carga Frontal Drean Next 7.10 Blanco 7kg 1000rpm,https://articulo.mercadolibre.com.ar/MLA-1751902352-lavarropas-carga-frontal-drean-next-710-blanco-7kg-1000rpm-_JM#polycard_client=search-nordic&position=41&search_layout=stack&type=item&tracking_id=c3984614-96a5-43ed-b073-1b25dbe45690,$775.000,Cuota Simple en 6 cuotas de $149.936,2024-08-19,775000.0,3
Lavarropas Automático Drean Next 7.10 Eco Blanco 7kg 220 v,https://articulo.mercadolibre.com.ar/MLA-1392573269-lavarropas-automatico-drean-next-710-eco-blanco-7kg-220v-_JM#polycard_client=search-nordic&position=11&search_layout=stack&type=item&tracking_id=7edfcfc9-3f8e-4011-a71e-3d5d79fbd1c2,$787.084,Sin cuotas,2024-08-19,787084.0,Última Disponible
Lavarropas Automático Drean Next 7.10 Eco Blanco 7kg ,https://articulo.mercadolibre.com.ar/MLA-928940963-lavarropas-automatico-drean-next-710-eco-blanco-7kg-_JM#polycard_client=search-nordic&position=26&search_layout=stack&type=item&tracking_id=35387be3-edf1-46c5-8b65-a2b2f7c9e52f,$787.084,Sin cuotas,2024-08-19,787084.0,10
Lavarropas Whirlpool Wnq70ab 7kg Carga Frontal 1200rpm,https://articulo.mercadolibre.com.ar/MLA-1751904924-lavarropas-whirlpool-wnq70ab-7kg-carga-frontal-1200rpm-_JM#polycard_client=search-nordic&position=6&search_layout=stack&type=item&tracking_id=96ac9ac4-ba0d-45b9-825f-39f64a8f7f08,$789.999,Sin cuotas,2024-08-19,789999.0,Última Disponible
Lavarropas Automático Drean Next 7.10 Eco Blanco 7kg 220 v,https://articulo.mercadolibre.com.ar/MLA-1194766320-lavarropas-automatico-drean-next-710-eco-blanco-7kg-220v-_JM#polycard_client=search-nordic&position=9&search_layout=stack&type=item&tracking_id=96ac9ac4-ba0d-45b9-825f-39f64a8f7f08,$795.321,Cuota Simple en 6 cuotas de $153.868,2024-08-19,795321.0,Última Disponible
Lavarropas Automaticos Drean Carga Frontal 7kg Next 7.09,https://articulo.mercadolibre.com.ar/MLA-1629291888-lavarropas-automaticos-drean-carga-frontal-7kg-next-709-_JM#polycard_client=search-nordic&position=2&search_layout=stack&type=item&tracking_id=7edfcfc9-3f8e-4011-a71e-3d5d79fbd1c2,$796.899,Sin cuotas,2024-08-19,796899.0,5
Lavarropas Whirlpool Inverter Con Limpieza A Vapor 7kg Wnq70,https://articulo.mercadolibre.com.ar/MLA-1361655051-lavarropas-whirlpool-inverter-con-limpieza-a-vapor-7kg-wnq70-_JM#polycard_client=search-nordic&position=29&search_layout=stack&type=item&tracking_id=c3984614-96a5-43ed-b073-1b25dbe45690,$797.750,Cuota Simple en 6 cuotas de $154.338,2024-08-19,797750.0,Última Disponible
Lavarropas Whirlpool Wnq70ab 7kg - 1200rpm Blanco Inverter,https://articulo.mercadolibre.com.ar/MLA-1322697342-lavarropas-whirlpool-wnq70ab-7kg-1200rpm-blanco-inverter-_JM#polycard_client=search-nordic&position=46&search_layout=stack&type=item&tracking_id=2cfe138b-242d-4545-a6bf-48fdb6aed6c8,$799.999,Cuota Simple en 6 cuotas de $154.773,2024-08-19,799999.0,Última Disponible
Lavarropas Automático Drean Next 7.10 Eco Blanco 7kg 220 v,https://articulo.mercadolibre.com.ar/MLA-1668601998-lavarropas-automatico-drean-next-710-eco-blanco-7kg-220v-_JM#polycard_client=search-nordic&position=34&search_layout=stack&type=item&tracking_id=7edfcfc9-3f8e-4011-a71e-3d5d79fbd1c2,$800.908,Sin cuotas,2024-08-19,800908.0,10
Lavarropas Whirlpool Wnq70ab Inverter Blanco 7kg Lh,https://articulo.mercadolibre.com.ar/MLA-1385863851-lavarropas-whirlpool-wnq70ab-inverter-blanco-7kg-lh-_JM#polycard_client=search-nordic&position=19&search_layout=stack&type=item&tracking_id=2cfe138b-242d-4545-a6bf-48fdb6aed6c8,$802.699,Sin cuotas,2024-08-19,802699.0,5
Lavarropas Drean Next 7.09 Eco Blanco 7kg 900 Rpm Frontal,https://articulo.mercadolibre.com.ar/MLA-921942492-lavarropas-drean-next-709-eco-blanco-7kg-900-rpm-frontal-_JM#polycard_client=search-nordic&position=11&search_layout=stack&type=item&tracking_id=96ac9ac4-ba0d-45b9-825f-39f64a8f7f08,$806.499,Cuota Simple en 6 cuotas de $156.030,2024-08-19,806499.0,2
Lavarropas Automático Whirlpool Wnq70ab Inverter 7kg 1200rpm,https://articulo.mercadolibre.com.ar/MLA-1617546240-lavarropas-automatico-whirlpool-wnq70ab-inverter-7kg-1200rpm-_JM#polycard_client=search-nordic&position=14&search_layout=stack&type=item&tracking_id=35387be3-edf1-46c5-8b65-a2b2f7c9e52f,$807.300,Cuota Simple en 6 cuotas de $156.185,2024-08-19,807300.0,5
Lavarropas Carga Frontal Drean Next 7.10 Blanco 7kg 1000rpm,https://articulo.mercadolibre.com.ar/MLA-1878326518-lavarropas-carga-frontal-drean-next-710-blanco-7kg-1000rpm-_JM#polycard_client=search-nordic&position=7&search_layout=stack&type=item&tracking_id=7edfcfc9-3f8e-4011-a71e-3d5d79fbd1c2,$808.999,Mismo precio en 6 cuotas de $134.833,2024-08-19,808999.0,Última Disponible
Lavarropas De Carga Frontal Samsung Ww70a4000eeu Blanco 7kg,https://articulo.mercadolibre.com.ar/MLA-1363665015-lavarropas-de-carga-frontal-samsung-ww70a4000eeu-blanco-7kg-_JM#polycard_client=search-nordic&position=41&search_layout=stack&type=item&tracking_id=2cfe138b-242d-4545-a6bf-48fdb6aed6c8,$809.899,Cuota Simple en 6 cuotas de $156.688,2024-08-19,809899.0,Última Disponible
Lavarropas Samsung Inverter Carga Frontal De 7 Kg,https://articulo.mercadolibre.com.ar/MLA-1876577130-lavarropas-samsung-inverter-carga-frontal-de-7-kg-_JM#polycard_client=search-nordic&position=32&search_layout=stack&type=item&tracking_id=96ac9ac4-ba0d-45b9-825f-39f64a8f7f08,$809.990,Sin cuotas,2024-08-19,809990.0,2
Lavarropas Automático Drean Next 7.10 Eco Cf 7kg 1000r Bco,https://articulo.mercadolibre.com.ar/MLA-1428153760-lavarropas-automatico-drean-next-710-eco-cf-7kg-1000r-bco-_JM#polycard_client=search-nordic&position=2&search_layout=stack&type=item&tracking_id=2cfe138b-242d-4545-a6bf-48fdb6aed6c8,$813.652,Cuota Simple en 6 cuotas de $157.414,2024-08-19,813652.0,5
Lavarropas Automático Drean Next 7.09 Eco Blanco 7kg 220 v,https://articulo.mercadolibre.com.ar/MLA-1668576264-lavarropas-automatico-drean-next-709-eco-blanco-7kg-220v-_JM#polycard_client=search-nordic&position=24&search_layout=stack&type=item&tracking_id=7edfcfc9-3f8e-4011-a71e-3d5d79fbd1c2,$817.499,Sin cuotas,2024-08-19,817499.0,20
Lavarropas Drean Next 7.09 Eco 7kgs 900rpm Clase Aa ,https://articulo.mercadolibre.com.ar/MLA-659808519-lavarropas-drean-next-709-eco-7kgs-900rpm-clase-aa-_JM#polycard_client=search-nordic&position=6&search_layout=stack&type=item&tracking_id=7edfcfc9-3f8e-4011-a71e-3d5d79fbd1c2,$817.999,Cuota Simple en 6 cuotas de $158.255,2024-08-19,817999.0,Última Disponible
Lavarropas automático Whirlpool WNQ07AB blanco 7kg 220 V,https://www.mercadolibre.com.ar/lavarropas-automatico-whirlpool-wnq07ab-blanco-7kg-220v/p/MLA17448966#polycard_client=search-nordic&searchVariation=MLA17448966&position=19&search_layout=stack&type=product&tracking_id=c3984614-96a5-43ed-b073-1b25dbe45690&wid=MLA923421593&sid=search,$828.039,Cuota Simple en 6 cuotas de $160.197,2024-08-19,828039.0,4
 Lavarropas Automat. Drean Next 7.10 Eco Frontal 7kg 1000 Rp,https://articulo.mercadolibre.com.ar/MLA-895915451-lavarropas-automat-drean-next-710-eco-frontal-7kg-1000-rp-_JM#polycard_client=search-nordic&position=19&search_layout=stack&type=item&tracking_id=35387be3-edf1-46c5-8b65-a2b2f7c9e52f,$829.598,Cuota Simple en 6 cuotas de $160.499,2024-08-19,829598.0,Última Disponible
Lavarropas Carga Frontal Drean Next 7.09 7 Kilos 900 Rpm,https://articulo.mercadolibre.com.ar/MLA-1590897758-lavarropas-carga-frontal-drean-next-709-7-kilos-900-rpm-_JM#polycard_client=search-nordic&position=41&search_layout=stack&type=item&tracking_id=96ac9ac4-ba0d-45b9-825f-39f64a8f7f08,$831.699,Cuota Simple en 6 cuotas de $160.906,2024-08-19,831699.0,5
Lavarropas Inverter Whirlpool Wnq70ab 7 Kg Carga Frontal,https://articulo.mercadolibre.com.ar/MLA-1393690378-lavarropas-inverter-whirlpool-wnq70ab-7-kg-carga-frontal-_JM#polycard_client=search-nordic&position=8&search_layout=stack&type=item&tracking_id=2cfe138b-242d-4545-a6bf-48fdb6aed6c8,$835.273,Cuota Simple en 6 cuotas de $161.597,2024-08-19,835273.0,Última Disponible
Lavarropas Samsung Inverter Ww70a4000e 7kg/1000rpm G Oficial,https://articulo.mercadolibre.com.ar/MLA-1883639068-lavarropas-samsung-inverter-ww70a4000e-7kg1000rpm-g-oficial-_JM#polycard_client=search-nordic&position=34&search_layout=stack&type=item&tracking_id=2cfe138b-242d-4545-a6bf-48fdb6aed6c8,$837.763,Cuota Simple en 6 cuotas de $162.079,2024-08-19,837763.0,3
Lavarropas Whirlpool 7kg - 1200rpm Blanco Inverter,https://articulo.mercadolibre.com.ar/MLA-1313223682-lavarropas-whirlpool-7kg-1200rpm-blanco-inverter-_JM#polycard_client=search-nordic&position=21&search_layout=stack&type=item&tracking_id=7edfcfc9-3f8e-4011-a71e-3d5d79fbd1c2,$839.999,Cuota Simple en 6 cuotas de $162.511,2024-08-19,839999.0,3
Lavarropas Automatico Inverter Samsung Ww70a40000s Frontal,https://articulo.mercadolibre.com.ar/MLA-1443615577-lavarropas-automatico-inverter-samsung-ww70a40000s-frontal-_JM#polycard_client=search-nordic&position=22&search_layout=stack&type=item&tracking_id=96ac9ac4-ba0d-45b9-825f-39f64a8f7f08,$839.999,Cuota Simple en 6 cuotas de $162.511,2024-08-19,839999.0,4
Lavarropas Automático Drean Next 7.10 Eco 7kg Center Hogar,https://articulo.mercadolibre.com.ar/MLA-1103638282-lavarropas-automatico-drean-next-710-eco-7kg-center-hogar-_JM#polycard_client=search-nordic&position=27&search_layout=stack&type=item&tracking_id=96ac9ac4-ba0d-45b9-825f-39f64a8f7f08,$843.099,Cuota Simple en 6 cuotas de $163.111,2024-08-19,843099.0,3
Lavarropas Automático Drean Next 7.10 Eco Blanco 7kg 220 v,https://articulo.mercadolibre.com.ar/MLA-1384424528-lavarropas-automatico-drean-next-710-eco-blanco-7kg-220v-_JM#polycard_client=search-nordic&position=22&search_layout=stack&type=item&tracking_id=35387be3-edf1-46c5-8b65-a2b2f7c9e52f,$843.975,Cuota Simple en 6 cuotas de $163.281,2024-08-19,843975.0,10
Lavarropas Automático Drean Next 7.10 Eco Blanco 7kg 220 v,https://articulo.mercadolibre.com.ar/MLA-1376022634-lavarropas-automatico-drean-next-710-eco-blanco-7kg-220v-_JM#polycard_client=search-nordic&position=21&search_layout=stack&type=item&tracking_id=35387be3-edf1-46c5-8b65-a2b2f7c9e52f,$843.975,Cuota Simple en 6 cuotas de $163.281,2024-08-19,843975.0,Última Disponible
Lavarropas Samsung Automático Ww70a4000 Inverter Silver 7kg,https://articulo.mercadolibre.com.ar/MLA-1318180759-lavarropas-samsung-automatico-ww70a4000-inverter-silver-7kg-_JM#polycard_client=search-nordic&position=45&search_layout=stack&type=item&tracking_id=c3984614-96a5-43ed-b073-1b25dbe45690,$844.799,Cuota Simple en 6 cuotas de $163.440,2024-08-19,844799.0,4
Lavarropas Automático Carga Frontal 7 Kg Inverter White.,https://articulo.mercadolibre.com.ar/MLA-1427072589-lavarropas-automatico-carga-frontal-7-kg-inverter-white-_JM#polycard_client=search-nordic&position=29&search_layout=stack&type=item&tracking_id=35387be3-edf1-46c5-8b65-a2b2f7c9e52f,$844.829,Cuota Simple en 6 cuotas de $163.446,2024-08-19,844829.0,20
Lavarropas Drean Next 7.10 Blanco 7 Kg 1000 Rpm Carg Frontal,https://articulo.mercadolibre.com.ar/MLA-868480377-lavarropas-drean-next-710-blanco-7-kg-1000-rpm-carg-frontal-_JM#polycard_client=search-nordic&position=1&search_layout=stack&type=item&tracking_id=7edfcfc9-3f8e-4011-a71e-3d5d79fbd1c2,$844.999,Cuota Simple en 6 cuotas de $163.479,2024-08-19,844999.0,Última Disponible
Lavarropas Samsung Ww70a40000s Inverter 7kg Frontal ,https://articulo.mercadolibre.com.ar/MLA-1254981212-lavarropas-samsung-ww70a40000s-inverter-7kg-frontal-_JM#polycard_client=search-nordic&position=47&search_layout=stack&type=item&tracking_id=96ac9ac4-ba0d-45b9-825f-39f64a8f7f08,$845.999,Cuota Simple en 6 cuotas de $163.672,2024-08-19,845999.0,Última Disponible
Lavarropas Drean Next 7.10 Eco 7kg 1000rpm Selectogar,https://articulo.mercadolibre.com.ar/MLA-664934347-lavarropas-drean-next-710-eco-7kg-1000rpm-selectogar-_JM#polycard_client=search-nordic&position=23&search_layout=stack&type=item&tracking_id=35387be3-edf1-46c5-8b65-a2b2f7c9e52f,$847.100,Cuota Simple en 6 cuotas de $163.885,2024-08-19,847100.0,10
Lavarropas Drean Next 7.09 Automatico 7kg 900rpm,https://articulo.mercadolibre.com.ar/MLA-720871273-lavarropas-drean-next-709-automatico-7kg-900rpm-_JM#polycard_client=search-nordic&position=48&search_layout=stack&type=item&tracking_id=96ac9ac4-ba0d-45b9-825f-39f64a8f7f08,$849.999,Sin cuotas,2024-08-19,849999.0,5
Lavarropas De Carga Frontal Samsung Ww70a4000eeu Blanco 7kg,https://articulo.mercadolibre.com.ar/MLA-1259408908-lavarropas-de-carga-frontal-samsung-ww70a4000eeu-blanco-7kg-_JM#polycard_client=search-nordic&position=32&search_layout=stack&type=item&tracking_id=c3984614-96a5-43ed-b073-1b25dbe45690,$852.999,Sin cuotas,2024-08-19,852999.0,5
Lavarropas Carga Frontal 7 Kg Blanco Drean Next 7.10 Eco,https://articulo.mercadolibre.com.ar/MLA-1462296156-lavarropas-carga-frontal-7-kg-blanco-drean-next-710-eco-_JM#polycard_client=search-nordic&position=30&search_layout=stack&type=item&tracking_id=c3984614-96a5-43ed-b073-1b25dbe45690,$857.999,Mismo precio en 6 cuotas de $142.999,2024-08-19,857999.0,Última Disponible
Lavarropas Automático Carga Frontal Samsung 7kg Inverter,https://articulo.mercadolibre.com.ar/MLA-1874255810-lavarropas-automatico-carga-frontal-samsung-7kg-inverter-_JM#polycard_client=search-nordic&position=18&search_layout=stack&type=item&tracking_id=96ac9ac4-ba0d-45b9-825f-39f64a8f7f08,$858.499,Cuota Simple en 6 cuotas de $166.090,2024-08-19,858499.0,2
Lavarropas Automático Samsung Carga Frontal 7 Kg Inverter,https://articulo.mercadolibre.com.ar/MLA-1874190308-lavarropas-automatico-samsung-carga-frontal-7-kg-inverter-_JM#polycard_client=search-nordic&position=13&search_layout=stack&type=item&tracking_id=96ac9ac4-ba0d-45b9-825f-39f64a8f7f08,$858.499,Cuota Simple en 6 cuotas de $166.090,2024-08-19,858499.0,20
Lavarropas Samsung Ww70a4000ee Carga Frontal Inverter 7kg,https://articulo.mercadolibre.com.ar/MLA-1409046193-lavarropas-samsung-ww70a4000ee-carga-frontal-inverter-7kg-_JM#polycard_client=search-nordic&position=43&search_layout=stack&type=item&tracking_id=35387be3-edf1-46c5-8b65-a2b2f7c9e52f,$859.999,Sin cuotas,2024-08-19,859999.0,3
Lavarropas Carga Frontal Drean Next 7.10 Blanco 7kg 1000rpm,https://articulo.mercadolibre.com.ar/MLA-1797242930-lavarropas-carga-frontal-drean-next-710-blanco-7kg-1000rpm-_JM#polycard_client=search-nordic&position=25&search_layout=stack&type=item&tracking_id=2cfe138b-242d-4545-a6bf-48fdb6aed6c8,$865.223,Cuota Simple en 6 cuotas de $167.391,2024-08-19,865223.0,Última Disponible
Lavarropas Automático Frontal 7 Kg Inverter Silver Ww70a4000,https://articulo.mercadolibre.com.ar/MLA-1368922867-lavarropas-automatico-frontal-7-kg-inverter-silver-ww70a4000-_JM#polycard_client=search-nordic&position=12&search_layout=stack&type=item&tracking_id=2cfe138b-242d-4545-a6bf-48fdb6aed6c8,$869.999,Cuota Simple en 6 cuotas de $168.315,2024-08-19,869999.0,3
Lavarropas Drean Next 7.09 7kg 900rpm Blanco,https://articulo.mercadolibre.com.ar/MLA-1125175192-lavarropas-drean-next-709-7kg-900rpm-blanco-_JM#polycard_client=search-nordic&position=4&search_layout=stack&type=item&tracking_id=96ac9ac4-ba0d-45b9-825f-39f64a8f7f08,$870.119,Cuota promocionada en 6 cuotas de $163.799,2024-08-19,870119.0,4
Lavarropas 7 Kg Digital Inverter Samsung 1000rpm Carga Front,https://articulo.mercadolibre.com.ar/MLA-1443439437-lavarropas-7-kg-digital-inverter-samsung-1000rpm-carga-front-_JM#polycard_client=search-nordic&position=35&search_layout=stack&type=item&tracking_id=2cfe138b-242d-4545-a6bf-48fdb6aed6c8,$870.220,Sin cuotas,2024-08-19,870220.0,Última Disponible
Lavarropas 7 Kg Digital Inverter Samsung 1000rpm Carga Front,https://articulo.mercadolibre.com.ar/MLA-1881358810-lavarropas-7-kg-digital-inverter-samsung-1000rpm-carga-front-_JM#polycard_client=search-nordic&position=42&search_layout=stack&type=item&tracking_id=96ac9ac4-ba0d-45b9-825f-39f64a8f7f08,$870.220,Sin cuotas,2024-08-19,870220.0,Última Disponible
Lavarropas Automático Samsung Ww70a4000s Inverter Plata 7kg,https://articulo.mercadolibre.com.ar/MLA-1885118920-lavarropas-automatico-samsung-ww70a4000s-inverter-plata-7kg-_JM#polycard_client=search-nordic&position=19&search_layout=stack&type=item&tracking_id=96ac9ac4-ba0d-45b9-825f-39f64a8f7f08,$879.999,Cuota Simple en 6 cuotas de $170.250,2024-08-19,879999.0,Última Disponible
Lavarropas Automático Samsung Carga Frontal 7 Kg Inverter,https://articulo.mercadolibre.com.ar/MLA-1433452099-lavarropas-automatico-samsung-carga-frontal-7-kg-inverter-_JM#polycard_client=search-nordic&position=34&search_layout=stack&type=item&tracking_id=35387be3-edf1-46c5-8b65-a2b2f7c9e52f,$889.999,Sin cuotas,2024-08-19,889999.0,2
Lavarropas Drean Next 7.10 Eco Blanco 7kg - 1000 Rpm,https://articulo.mercadolibre.com.ar/MLA-933080174-lavarropas-drean-next-710-eco-blanco-7kg-1000-rpm-_JM#polycard_client=search-nordic&position=15&search_layout=stack&type=item&tracking_id=96ac9ac4-ba0d-45b9-825f-39f64a8f7f08,$890.000,Cuota Simple en 6 cuotas de $172.185,2024-08-19,890000.0,3
Lavarropas Automático Samsung Ww70a4000 Inverter Silver 7kg ,https://articulo.mercadolibre.com.ar/MLA-1370911085-lavarropas-automatico-samsung-ww70a4000-inverter-silver-7kg-_JM#polycard_client=search-nordic&position=37&search_layout=stack&type=item&tracking_id=c3984614-96a5-43ed-b073-1b25dbe45690,$899.490,Cuota Simple en 6 cuotas de $174.021,2024-08-19,899490.0,3
Lavarropas Automático Samsung Ww70a4000 Inverter Silver 7kg ,https://articulo.mercadolibre.com.ar/MLA-1391320755-lavarropas-automatico-samsung-ww70a4000-inverter-silver-7kg-_JM#polycard_client=search-nordic&position=39&search_layout=stack&type=item&tracking_id=c3984614-96a5-43ed-b073-1b25dbe45690,$899.490,Cuota Simple en 6 cuotas de $174.021,2024-08-19,899490.0,20
Lavarropas Whirlpool Wnq70ab Inverter Blanco 7kg 1200rpm,https://articulo.mercadolibre.com.ar/MLA-1433922339-lavarropas-whirlpool-wnq70ab-inverter-blanco-7kg-1200rpm-_JM#polycard_client=search-nordic&position=5&search_layout=stack&type=item&tracking_id=2cfe138b-242d-4545-a6bf-48fdb6aed6c8,$899.999,Cuota Simple en 6 cuotas de $174.119,2024-08-19,899999.0,Última Disponible
Lavarropas Carga Frontal Drean Next 7.10 Blanco 7kg 1000rpm,https://www.mercadolibre.com.ar/lavarropas-carga-frontal-drean-next-710-blanco-7kg-1000rpm/p/MLA6348152#polycard_client=search-nordic&searchVariation=MLA6348152&position=2&search_layout=stack&type=product&tracking_id=c3984614-96a5-43ed-b073-1b25dbe45690&wid=MLA1860702118&sid=search,$899.999,Mismo precio en 9 cuotas de $99.999,2024-08-19,899999.0,5
Lavarropas automático Samsung WW70AA046B inverter blanco 7kg 200 V - 240 V,https://www.mercadolibre.com.ar/lavarropas-automatico-samsung-ww70aa046b-inverter-blanco-7kg-200v-240v/p/MLA19906217#polycard_client=search-nordic&searchVariation=MLA19906217&position=14&search_layout=stack&type=product&tracking_id=c3984614-96a5-43ed-b073-1b25dbe45690&wid=MLA1418837852&sid=search,$899.999,Cuota Simple en 6 cuotas de $174.119,2024-08-19,899999.0,5
Lavarropas Inverter Automático Samsung Ww70a4000 7kg Display,https://articulo.mercadolibre.com.ar/MLA-1390118423-lavarropas-inverter-automatico-samsung-ww70a4000-7kg-display-_JM#polycard_client=search-nordic&position=14&search_layout=stack&type=item&tracking_id=2cfe138b-242d-4545-a6bf-48fdb6aed6c8,$900.999,Cuota Simple en 6 cuotas de $174.313,2024-08-19,900999.0,Última Disponible
Lavarropas Automático Carga Frontal 7 Kg Inverter Silver,https://articulo.mercadolibre.com.ar/MLA-1443415941-lavarropas-automatico-carga-frontal-7-kg-inverter-silver-_JM#polycard_client=search-nordic&position=4&search_layout=stack&type=item&tracking_id=7edfcfc9-3f8e-4011-a71e-3d5d79fbd1c2,$901.072,Sin cuotas,2024-08-19,901072.0,5
Lavarropas Automático Carga Frontal 7 Kg Inverter Silver,https://articulo.mercadolibre.com.ar/MLA-1443428353-lavarropas-automatico-carga-frontal-7-kg-inverter-silver-_JM#polycard_client=search-nordic&position=48&search_layout=stack&type=item&tracking_id=2cfe138b-242d-4545-a6bf-48fdb6aed6c8,$901.072,Sin cuotas,2024-08-19,901072.0,2
Lavarropas Samsung Inverter Carga Frontal 7 Kg Ww70a40000s,https://articulo.mercadolibre.com.ar/MLA-1830949906-lavarropas-samsung-inverter-carga-frontal-7-kg-ww70a40000s-_JM#polycard_client=search-nordic&position=24&search_layout=stack&type=item&tracking_id=96ac9ac4-ba0d-45b9-825f-39f64a8f7f08,$902.998,Cuota Simple en 6 cuotas de $174.700,2024-08-19,902998.0,10
Lavarropas Frontal Drean Next 7.10 Blanco 7kg 1000rpm Cts,https://articulo.mercadolibre.com.ar/MLA-1764204612-lavarropas-frontal-drean-next-710-blanco-7kg-1000rpm-cts-_JM#polycard_client=search-nordic&position=30&search_layout=stack&type=item&tracking_id=35387be3-edf1-46c5-8b65-a2b2f7c9e52f,$909.449,Mismo precio en 12 cuotas de $75.787,2024-08-19,909449.0,20
Lavarropas De Carga Frontal Drean Next 7.10 Blanco De 7kg,https://articulo.mercadolibre.com.ar/MLA-733111971-lavarropas-de-carga-frontal-drean-next-710-blanco-de-7kg-_JM#polycard_client=search-nordic&position=42&search_layout=stack&type=item&tracking_id=c3984614-96a5-43ed-b073-1b25dbe45690,$909.449,Mismo precio en 12 cuotas de $75.787,2024-08-19,909449.0,Última Disponible
Lavarropas Automático Drean Next 7.10 Eco Blanco 7kg 220 v,https://articulo.mercadolibre.com.ar/MLA-1731436256-lavarropas-automatico-drean-next-710-eco-blanco-7kg-220v-_JM#polycard_client=search-nordic&position=47&search_layout=stack&type=item&tracking_id=2cfe138b-242d-4545-a6bf-48fdb6aed6c8,$911.999,Cuota Simple en 6 cuotas de $176.441,2024-08-19,911999.0,20
Lavarropas Drean Next 7.10 Carga Frontal Eco 7kg 1000 Rpm ,https://articulo.mercadolibre.com.ar/MLA-828358426-lavarropas-drean-next-710-carga-frontal-eco-7kg-1000-rpm-_JM#polycard_client=search-nordic&position=18&search_layout=stack&type=item&tracking_id=35387be3-edf1-46c5-8b65-a2b2f7c9e52f,$917.486,Mismo precio en 6 cuotas de $152.914,2024-08-19,917486.0,5
Lavarropas Automático Drean Next 7.10 Eco Blanco 7kg 220 v,https://articulo.mercadolibre.com.ar/MLA-1412104415-lavarropas-automatico-drean-next-710-eco-blanco-7kg-220v-_JM#polycard_client=search-nordic&position=43&search_layout=stack&type=item&tracking_id=c3984614-96a5-43ed-b073-1b25dbe45690,$924.187,Cuota Simple en 6 cuotas de $178.799,2024-08-19,924187.0,Última Disponible
Lavarropas Automático Inverter Samsung 7kg Ww70aa46bw,https://articulo.mercadolibre.com.ar/MLA-1411328695-lavarropas-automatico-inverter-samsung-7kg-ww70aa46bw-_JM#polycard_client=search-nordic&position=28&search_layout=stack&type=item&tracking_id=2cfe138b-242d-4545-a6bf-48fdb6aed6c8,$930.239,Cuota Simple en 6 cuotas de $179.970,2024-08-19,930239.0,Última Disponible
Lavarropas Automatico Whirlpool C/frontal 7 Kg - Wnq70ab,https://articulo.mercadolibre.com.ar/MLA-1655295948-lavarropas-automatico-whirlpool-cfrontal-7-kg-wnq70ab-_JM#polycard_client=search-nordic&position=27&search_layout=stack&type=item&tracking_id=7edfcfc9-3f8e-4011-a71e-3d5d79fbd1c2,$931.999,Cuota promocionada en 6 cuotas de $175.448,2024-08-19,931999.0,Última Disponible
Lavarropas Automatico Drean Next 7kg 1000 Rpm 7.10 Eco,https://articulo.mercadolibre.com.ar/MLA-1103405268-lavarropas-automatico-drean-next-7kg-1000-rpm-710-eco-_JM#polycard_client=search-nordic&position=18&search_layout=stack&type=item&tracking_id=2cfe138b-242d-4545-a6bf-48fdb6aed6c8,$932.458,Sin cuotas,2024-08-19,932458.0,2
Lavarropas Samsung Ww70aa46bw 7kg White 1400 Rpm Inverter ,https://articulo.mercadolibre.com.ar/MLA-1391308299-lavarropas-samsung-ww70aa46bw-7kg-white-1400-rpm-inverter-_JM#polycard_client=search-nordic&position=38&search_layout=stack&type=item&tracking_id=35387be3-edf1-46c5-8b65-a2b2f7c9e52f,$935.490,Cuota Simple en 6 cuotas de $180.986,2024-08-19,935490.0,5
Lavarropas Drean Next Eco 7-10 7kgs C/frontal 1000rpm,https://articulo.mercadolibre.com.ar/MLA-785733961-lavarropas-drean-next-eco-7-10-7kgs-cfrontal-1000rpm-_JM#polycard_client=search-nordic&position=49&search_layout=stack&type=item&tracking_id=2cfe138b-242d-4545-a6bf-48fdb6aed6c8,$942.149,Cuota Simple en 6 cuotas de $182.274,2024-08-19,942149.0,5
Lavarropas Automático Drean Next 7.10 Eco Blanco 7kg 220 v,https://articulo.mercadolibre.com.ar/MLA-1445675650-lavarropas-automatico-drean-next-710-eco-blanco-7kg-220v-_JM#polycard_client=search-nordic&position=7&search_layout=stack&type=item&tracking_id=96ac9ac4-ba0d-45b9-825f-39f64a8f7f08,$945.999,Mismo precio en 6 cuotas de $157.666,2024-08-19,945999.0,Última Disponible
Lavarropas Automático Drean Next 7.10 Eco Blanco 7kg 220 v,https://articulo.mercadolibre.com.ar/MLA-1718191058-lavarropas-automatico-drean-next-710-eco-blanco-7kg-220v-_JM#polycard_client=search-nordic&position=21&search_layout=stack&type=item&tracking_id=96ac9ac4-ba0d-45b9-825f-39f64a8f7f08,$945.999,Mismo precio en 12 cuotas de $78.833,2024-08-19,945999.0,Última Disponible
Lavarropas Automático Drean Next 7.09 Eco Blanco 7kg 220 v,https://www.mercadolibre.com.ar/lavarropas-automatico-drean-next-709-eco-blanco-7kg-220v/p/MLA9435859#polycard_client=search-nordic&searchVariation=MLA9435859&position=5&search_layout=stack&type=product&tracking_id=c3984614-96a5-43ed-b073-1b25dbe45690&wid=MLA825681134&sid=search,$947.675,Mismo precio en 12 cuotas de $78.972,2024-08-19,947675.0,50
Lavarropas Automático Drean Next 7.10 Eco Blanco 7kg 220 v,https://articulo.mercadolibre.com.ar/MLA-1384447788-lavarropas-automatico-drean-next-710-eco-blanco-7kg-220v-_JM#polycard_client=search-nordic&position=45&search_layout=stack&type=item&tracking_id=35387be3-edf1-46c5-8b65-a2b2f7c9e52f,$947.999,Mismo precio en 3 cuotas de $315.999,2024-08-19,947999.0,50
Lavarropas automático Whirlpool WNQ70AB inverter blanco 7kg 220 V,https://www.mercadolibre.com.ar/lavarropas-automatico-whirlpool-wnq70ab-inverter-blanco-7kg-220v/p/MLA21283907#polycard_client=search-nordic&searchVariation=MLA21283907&position=4&search_layout=stack&type=product&tracking_id=c3984614-96a5-43ed-b073-1b25dbe45690&wid=MLA1435209121&sid=search,$948.571,Mismo precio en 12 cuotas de $79.047,2024-08-19,948571.0,10
Lavarropas Automático Whirlpool Inverter Blanco 7kg 220v,https://articulo.mercadolibre.com.ar/MLA-1416901663-lavarropas-automatico-whirlpool-inverter-blanco-7kg-220v-_JM#polycard_client=search-nordic&position=33&search_layout=stack&type=item&tracking_id=2cfe138b-242d-4545-a6bf-48fdb6aed6c8,$949.999,Sin cuotas,2024-08-19,949999.0,5
Lavarropas Automático Carga Frontal 7 Kg Inverter Silver,https://www.mercadolibre.com.ar/lavarropas-automatico-carga-frontal-7-kg-inverter-silver/p/MLA21207650#polycard_client=search-nordic&searchVariation=MLA21207650&position=11&search_layout=stack&type=product&tracking_id=c3984614-96a5-43ed-b073-1b25dbe45690&wid=MLA1432319340&sid=search,$949.999,Mismo precio en 3 cuotas de $316.666,2024-08-19,949999.0,10
Lavarropas Carga Frontal Drean Next 7.09 7 Kg. 900 Rpm,https://articulo.mercadolibre.com.ar/MLA-1322209681-lavarropas-carga-frontal-drean-next-709-7-kg-900-rpm-_JM#polycard_client=search-nordic&position=40&search_layout=stack&type=item&tracking_id=2cfe138b-242d-4545-a6bf-48fdb6aed6c8,$951.999,Mismo precio en 3 cuotas de $317.333,2024-08-19,951999.0,50
Lavarropas Automatico Carga Frontal 7 Kg Inverter Blanco,https://articulo.mercadolibre.com.ar/MLA-1434859853-lavarropas-automatico-carga-frontal-7-kg-inverter-blanco-_JM#polycard_client=search-nordic&position=11&search_layout=stack&type=item&tracking_id=35387be3-edf1-46c5-8b65-a2b2f7c9e52f,$958.499,Sin cuotas,2024-08-19,958499.0,Última Disponible
Lavarropas Automático Drean Next 7.09 Eco Blanco 7kg 220 v,https://articulo.mercadolibre.com.ar/MLA-1668486578-lavarropas-automatico-drean-next-709-eco-blanco-7kg-220v-_JM#polycard_client=search-nordic&position=32&search_layout=stack&type=item&tracking_id=7edfcfc9-3f8e-4011-a71e-3d5d79fbd1c2,$966.135,Mismo precio en 12 cuotas de $80.511,2024-08-19,966135.0,10
Lavarropas Automático Samsung Inverter Cf 7kg Ww70aa46bw,https://articulo.mercadolibre.com.ar/MLA-1373110325-lavarropas-automatico-samsung-inverter-cf-7kg-ww70aa46bw-_JM#polycard_client=search-nordic&position=33&search_layout=stack&type=item&tracking_id=35387be3-edf1-46c5-8b65-a2b2f7c9e52f,$980.999,Cuota Simple en 6 cuotas de $189.790,2024-08-19,980999.0,Última Disponible
Lavarropas Whirlpool Wnq70ab 7kg Carga Frontal 1200rpm ,https://articulo.mercadolibre.com.ar/MLA-1332173294-lavarropas-whirlpool-wnq70ab-7kg-carga-frontal-1200rpm-_JM#polycard_client=search-nordic&position=9&search_layout=stack&type=item&tracking_id=35387be3-edf1-46c5-8b65-a2b2f7c9e52f,$987.498,Cuota Simple en 6 cuotas de $191.048,2024-08-19,987498.0,3
Lavarropas Whirlpool Wnq70ab 7kg Carga Frontal 1200rpm ,https://articulo.mercadolibre.com.ar/MLA-1423337677-lavarropas-whirlpool-wnq70ab-7kg-carga-frontal-1200rpm-_JM#polycard_client=search-nordic&position=23&search_layout=stack&type=item&tracking_id=2cfe138b-242d-4545-a6bf-48fdb6aed6c8,$987.499,Mismo precio en 6 cuotas de $164.583,2024-08-19,987499.0,5
Lavarropas Whirlpool Wnq70ab 7kg Carga Frontal 1200rpm,https://articulo.mercadolibre.com.ar/MLA-1752031040-lavarropas-whirlpool-wnq70ab-7kg-carga-frontal-1200rpm-_JM#polycard_client=search-nordic&position=38&search_layout=stack&type=item&tracking_id=2cfe138b-242d-4545-a6bf-48fdb6aed6c8,$987.499,Mismo precio en 6 cuotas de $164.583,2024-08-19,987499.0,5
Lavarropas Samsung Inverter Carga Frontal De 7 Kg,https://articulo.mercadolibre.com.ar/MLA-1876538868-lavarropas-samsung-inverter-carga-frontal-de-7-kg-_JM#polycard_client=search-nordic&position=27&search_layout=stack&type=item&tracking_id=2cfe138b-242d-4545-a6bf-48fdb6aed6c8,$989.990,Mismo precio en 6 cuotas de $164.998,2024-08-19,989990.0,3
Lavarropas automático Gafa FuzzyFit gris plata 7kg 220 V,https://www.mercadolibre.com.ar/lavarropas-automatico-gafa-fuzzyfit-gris-plata-7kg-220v/p/MLA18543426#polycard_client=search-nordic&searchVariation=MLA18543426&position=21&search_layout=stack&type=product&tracking_id=c3984614-96a5-43ed-b073-1b25dbe45690&wid=MLA1397072409&sid=search,$990.000,Cuota Simple en 6 cuotas de $191.532,2024-08-19,990000.0,20
Lavarropas Automatico Carga Frontal 7 Kg Inverter Silver,https://articulo.mercadolibre.com.ar/MLA-1434873243-lavarropas-automatico-carga-frontal-7-kg-inverter-silver-_JM#polycard_client=search-nordic&position=33&search_layout=stack&type=item&tracking_id=c3984614-96a5-43ed-b073-1b25dbe45690,$992.999,Cuota Simple en 6 cuotas de $192.112,2024-08-19,992999.0,5
Lavarropas Carga Frontal Drean Next 7.10 Blanco 7kg 1000rpm,https://articulo.mercadolibre.com.ar/MLA-1440250783-lavarropas-carga-frontal-drean-next-710-blanco-7kg-1000rpm-_JM#polycard_client=search-nordic&position=5&search_layout=stack&type=item&tracking_id=35387be3-edf1-46c5-8b65-a2b2f7c9e52f,$994.754,Mismo precio en 12 cuotas de $82.896,2024-08-19,994754.0,Última Disponible
Lavarropas Automático Frontal Drean Next 7.10 Eco Blanco 7kg,https://articulo.mercadolibre.com.ar/MLA-1731345812-lavarropas-automatico-frontal-drean-next-710-eco-blanco-7kg-_JM#polycard_client=search-nordic&position=44&search_layout=stack&type=item&tracking_id=2cfe138b-242d-4545-a6bf-48fdb6aed6c8,$996.999,Mismo precio en 3 cuotas de $332.333,2024-08-19,996999.0,2
Lavarropas Whirlpool Inverter Con Limpieza A Vapor 7kg Wnq70,https://articulo.mercadolibre.com.ar/MLA-1365584074-lavarropas-whirlpool-inverter-con-limpieza-a-vapor-7kg-wnq70-_JM#polycard_client=search-nordic&position=33&search_layout=stack&type=item&tracking_id=96ac9ac4-ba0d-45b9-825f-39f64a8f7f08,$997.250,Mismo precio en 6 cuotas de $166.208,2024-08-19,997250.0,4
Lavarropas Whirlpool 7 Kg 1000 Rpm Wfe71a Carga Frontal,https://articulo.mercadolibre.com.ar/MLA-683334137-lavarropas-whirlpool-7-kg-1000-rpm-wfe71a-carga-frontal-_JM#polycard_client=search-nordic&position=9&search_layout=stack&type=item&tracking_id=2cfe138b-242d-4545-a6bf-48fdb6aed6c8,$999.999,Sin cuotas,2024-08-19,999999.0,Última Disponible
Lavarropas Carga Frontal Drean Next 7.10 Blanco 7kg 1000rpm,https://articulo.mercadolibre.com.ar/MLA-1431464389-lavarropas-carga-frontal-drean-next-710-blanco-7kg-1000rpm-_JM#polycard_client=search-nordic&position=10&search_layout=stack&type=item&tracking_id=35387be3-edf1-46c5-8b65-a2b2f7c9e52f,$999.999,Mismo precio en 12 cuotas de $83.333,2024-08-19,999999.0,5
Lavarropas Drean Next 7.10 Blanco 7 Kg 1000 Rpm Carg Frontal,https://articulo.mercadolibre.com.ar/MLA-868481778-lavarropas-drean-next-710-blanco-7-kg-1000-rpm-carg-frontal-_JM#polycard_client=search-nordic&position=1&search_layout=stack&type=item&tracking_id=96ac9ac4-ba0d-45b9-825f-39f64a8f7f08,$1.007.599,Mismo precio en 6 cuotas de $167.933,2024-08-19,1007599.0,3
Lavarropas Automático Whirlpool Wnq70ab Inverter 7kg Cuo,https://articulo.mercadolibre.com.ar/MLA-1714394986-lavarropas-automatico-whirlpool-wnq70ab-inverter-7kg-cuo-_JM#polycard_client=search-nordic&position=50&search_layout=stack&type=item&tracking_id=35387be3-edf1-46c5-8b65-a2b2f7c9e52f,$1.008.989,Mismo precio en 12 cuotas de $84.082,2024-08-19,1008989.0,3
Lavarropas Automático Samsung Ww70a4000 Inverter Silver 7kg ,https://articulo.mercadolibre.com.ar/MLA-1387109576-lavarropas-automatico-samsung-ww70a4000-inverter-silver-7kg-_JM#polycard_client=search-nordic&position=46&search_layout=stack&type=item&tracking_id=c3984614-96a5-43ed-b073-1b25dbe45690,$1.011.836,Cuota Simple en 6 cuotas de $195.756,2024-08-19,1011836.0,2
Lavarropas Drean Next Eco 7kg 7.10 1000 Rp Envios Gratis Arg,https://articulo.mercadolibre.com.ar/MLA-781928687-lavarropas-drean-next-eco-7kg-710-1000-rp-envios-gratis-arg-_JM#polycard_client=search-nordic&position=40&search_layout=stack&type=item&tracking_id=c3984614-96a5-43ed-b073-1b25dbe45690,$1.023.000,Mismo precio en 12 cuotas de $85.250,2024-08-19,1023000.0,3
Lavarropas Whirlpool Wnq70ab 7kg 1200rpm Blanco Inverter,https://articulo.mercadolibre.com.ar/MLA-1333497675-lavarropas-whirlpool-wnq70ab-7kg-1200rpm-blanco-inverter-_JM#polycard_client=search-nordic&position=8&search_layout=stack&type=item&tracking_id=96ac9ac4-ba0d-45b9-825f-39f64a8f7f08,$1.023.013,Cuota promocionada en 6 cuotas de $192.582,2024-08-19,1023013.0,20
Lavarropas Whirlpool Wnq70ab 7kg Carga Frontal 1200rpm,https://articulo.mercadolibre.com.ar/MLA-1430001483-lavarropas-whirlpool-wnq70ab-7kg-carga-frontal-1200rpm-_JM#polycard_client=search-nordic&position=21&search_layout=stack&type=item&tracking_id=2cfe138b-242d-4545-a6bf-48fdb6aed6c8,$1.026.999,Mismo precio en 12 cuotas de $85.583,2024-08-19,1026999.0,5
Lavarropas Carga Frontal Samsung Ww70a4000eeu Blanco Cts,https://articulo.mercadolibre.com.ar/MLA-1259249493-lavarropas-carga-frontal-samsung-ww70a4000eeu-blanco-cts-_JM#polycard_client=search-nordic&position=22&search_layout=stack&type=item&tracking_id=2cfe138b-242d-4545-a6bf-48fdb6aed6c8,$1.037.511,Mismo precio en 12 cuotas de $86.459,2024-08-19,1037511.0,5
Lavarropas Automático Drean Next 7.10 Eco Blanco 7kg 220 v,https://articulo.mercadolibre.com.ar/MLA-1668550596-lavarropas-automatico-drean-next-710-eco-blanco-7kg-220v-_JM#polycard_client=search-nordic&position=33&search_layout=stack&type=item&tracking_id=7edfcfc9-3f8e-4011-a71e-3d5d79fbd1c2,$1.041.180,Mismo precio en 12 cuotas de $86.765,2024-08-19,1041180.0,10
Lavarropas Drean Next 7.10 1000 Rpm 7 Kg Carga Frontal ,https://articulo.mercadolibre.com.ar/MLA-879213387-lavarropas-drean-next-710-1000-rpm-7-kg-carga-frontal-_JM#polycard_client=search-nordic&position=10&search_layout=stack&type=item&tracking_id=96ac9ac4-ba0d-45b9-825f-39f64a8f7f08,$1.054.999,Mismo precio en 6 cuotas de $175.833,2024-08-19,1054999.0,2
Lavarropas Samsung Inverter Ww70a4000e 7kg/1000rpm G Oficial,https://articulo.mercadolibre.com.ar/MLA-1885992594-lavarropas-samsung-inverter-ww70a4000e-7kg1000rpm-g-oficial-_JM#polycard_client=search-nordic&position=37&search_layout=stack&type=item&tracking_id=2cfe138b-242d-4545-a6bf-48fdb6aed6c8,$1.059.574,Mismo precio en 12 cuotas de $88.297,2024-08-19,1059574.0,20
Lavarropas Whirlpool 7kg - 1200rpm Blanco Inverter,https://articulo.mercadolibre.com.ar/MLA-1313171975-lavarropas-whirlpool-7kg-1200rpm-blanco-inverter-_JM#polycard_client=search-nordic&position=27&search_layout=stack&type=item&tracking_id=35387be3-edf1-46c5-8b65-a2b2f7c9e52f,$1.059.999,Mismo precio en 12 cuotas de $88.333,2024-08-19,1059999.0,2
Lavarropas Automático Whirlpool Wnq70ab Inverter Blanco 7kg ,https://articulo.mercadolibre.com.ar/MLA-1737242678-lavarropas-automatico-whirlpool-wnq70ab-inverter-blanco-7kg-_JM#polycard_client=search-nordic&position=4&search_layout=stack&type=item&tracking_id=35387be3-edf1-46c5-8b65-a2b2f7c9e52f,$1.060.000,Mismo precio en 12 cuotas de $88.333,2024-08-19,1060000.0,3
Lavarropas Automático Drean Next 7.09 Eco Blanco 7kg 220 v,https://articulo.mercadolibre.com.ar/MLA-1668550680-lavarropas-automatico-drean-next-709-eco-blanco-7kg-220v-_JM#polycard_client=search-nordic&position=30&search_layout=stack&type=item&tracking_id=7edfcfc9-3f8e-4011-a71e-3d5d79fbd1c2,$1.062.748,Mismo precio en 12 cuotas de $88.562,2024-08-19,1062748.0,5
 Lavarropas Samsung Ww70a4000ee Carga Frontal Inverter 7kg,https://articulo.mercadolibre.com.ar/MLA-1422310644-lavarropas-samsung-ww70a4000ee-carga-frontal-inverter-7kg-_JM#polycard_client=search-nordic&position=26&search_layout=stack&type=item&tracking_id=2cfe138b-242d-4545-a6bf-48fdb6aed6c8,$1.074.998,Cuota Simple en 6 cuotas de $207.976,2024-08-19,1074998.0,20
 Lavarropas Samsung Ww70a4000ee Carga Frontal Inverter 7kg,https://articulo.mercadolibre.com.ar/MLA-1423796181-lavarropas-samsung-ww70a4000ee-carga-frontal-inverter-7kg-_JM#polycard_client=search-nordic&position=49&search_layout=stack&type=item&tracking_id=35387be3-edf1-46c5-8b65-a2b2f7c9e52f,$1.074.999,Mismo precio en 6 cuotas de $179.166,2024-08-19,1074999.0,50
 Lavarropas Samsung Ww70a4000ee Carga Frontal Inverter 7kg,https://articulo.mercadolibre.com.ar/MLA-1408969377-lavarropas-samsung-ww70a4000ee-carga-frontal-inverter-7kg-_JM#polycard_client=search-nordic&position=46&search_layout=stack&type=item&tracking_id=35387be3-edf1-46c5-8b65-a2b2f7c9e52f,$1.074.999,Mismo precio en 6 cuotas de $179.166,2024-08-19,1074999.0,Última Disponible
 Lavarropas Samsung Ww70a4000ee Carga Frontal Inverter 7kg,https://articulo.mercadolibre.com.ar/MLA-1370753733-lavarropas-samsung-ww70a4000ee-carga-frontal-inverter-7kg-_JM#polycard_client=search-nordic&position=11&search_layout=stack&type=item&tracking_id=2cfe138b-242d-4545-a6bf-48fdb6aed6c8,$1.074.999,Cuota Simple en 6 cuotas de $207.976,2024-08-19,1074999.0,10
Lavarropas Drean Next 7.10 Eco 7kg 1000rpm Selectogar6,https://articulo.mercadolibre.com.ar/MLA-797030985-lavarropas-drean-next-710-eco-7kg-1000rpm-selectogar6-_JM#polycard_client=search-nordic&position=7&search_layout=stack&type=item&tracking_id=2cfe138b-242d-4545-a6bf-48fdb6aed6c8,$1.076.000,Mismo precio en 12 cuotas de $89.666,2024-08-19,1076000.0,Última Disponible
Lavarropas Samsung 7kg Inverter Carga Frontal Blanco,https://articulo.mercadolibre.com.ar/MLA-1822050854-lavarropas-samsung-7kg-inverter-carga-frontal-blanco-_JM#polycard_client=search-nordic&position=17&search_layout=stack&type=item&tracking_id=96ac9ac4-ba0d-45b9-825f-39f64a8f7f08,$1.080.000,Mismo precio en 6 cuotas de $180.000,2024-08-19,1080000.0,Última Disponible
Lavarropas Drean Autom. Next 7.09 7kg 900 Rpm - Aj Hogar,https://articulo.mercadolibre.com.ar/MLA-932427333-lavarropas-drean-autom-next-709-7kg-900-rpm-aj-hogar-_JM#polycard_client=search-nordic&position=20&search_layout=stack&type=item&tracking_id=96ac9ac4-ba0d-45b9-825f-39f64a8f7f08,$1.099.546,Cuota Simple en 6 cuotas de $212.725,2024-08-19,1099546.0,Última Disponible
Lavarropas Automático Samsung Carga Frontal 7 Kg Inverter,https://articulo.mercadolibre.com.ar/MLA-1433465007-lavarropas-automatico-samsung-carga-frontal-7-kg-inverter-_JM#polycard_client=search-nordic&position=3&search_layout=stack&type=item&tracking_id=2cfe138b-242d-4545-a6bf-48fdb6aed6c8,$1.099.999,Mismo precio en 12 cuotas de $91.666,2024-08-19,1099999.0,2
Lavarropas automático Samsung WF1702WE blanco 7kg 220 V - 240 V,https://www.mercadolibre.com.ar/lavarropas-automatico-samsung-wf1702we-blanco-7kg-220v-240v/p/MLA6048340#polycard_client=search-nordic&searchVariation=MLA6048340&position=1&search_layout=stack&type=product&tracking_id=c3984614-96a5-43ed-b073-1b25dbe45690&wid=MLA901410250&sid=search,$1.099.999,Sin cuotas,2024-08-19,1099999.0,Última Disponible
Lavarropas Whirlpool Wnq70ab 7kg - 1200rpm Blanco Inverter,https://articulo.mercadolibre.com.ar/MLA-1322677858-lavarropas-whirlpool-wnq70ab-7kg-1200rpm-blanco-inverter-_JM#polycard_client=search-nordic&position=47&search_layout=stack&type=item&tracking_id=35387be3-edf1-46c5-8b65-a2b2f7c9e52f,$1.099.999,Mismo precio en 12 cuotas de $91.666,2024-08-19,1099999.0,Última Disponible
Lavarropas Automatico Inverter 7kg Samsung Ww70a40000s Csi,https://articulo.mercadolibre.com.ar/MLA-1884121228-lavarropas-automatico-inverter-7kg-samsung-ww70a40000s-csi-_JM#polycard_client=search-nordic&position=28&search_layout=stack&type=item&tracking_id=96ac9ac4-ba0d-45b9-825f-39f64a8f7f08,$1.099.999,Mismo precio en 6 cuotas de $183.333,2024-08-19,1099999.0,4
Lavarropas Samsung 7 Kg Inverter Carga Frontal Blanco,https://articulo.mercadolibre.com.ar/MLA-1823089080-lavarropas-samsung-7-kg-inverter-carga-frontal-blanco-_JM#polycard_client=search-nordic&position=30&search_layout=stack&type=item&tracking_id=96ac9ac4-ba0d-45b9-825f-39f64a8f7f08,$1.100.000,Cuota Simple en 6 cuotas de $212.813,2024-08-19,1100000.0,Última Disponible
Lavarropas Carga Frontal Drean Next 7.10 Blanco 7kg 1000rpm,https://articulo.mercadolibre.com.ar/MLA-1751921494-lavarropas-carga-frontal-drean-next-710-blanco-7kg-1000rpm-_JM#polycard_client=search-nordic&position=39&search_layout=stack&type=item&tracking_id=35387be3-edf1-46c5-8b65-a2b2f7c9e52f,$1.116.499,Cuota Simple en 6 cuotas de $216.005,2024-08-19,1116499.0,3
Lavarropas Whirlpool Wnq70ab 7kg Carga Frontal 1200rpm,https://articulo.mercadolibre.com.ar/MLA-1440551365-lavarropas-whirlpool-wnq70ab-7kg-carga-frontal-1200rpm-_JM#polycard_client=search-nordic&position=44&search_layout=stack&type=item&tracking_id=35387be3-edf1-46c5-8b65-a2b2f7c9e52f,$1.121.799,Mismo precio en 12 cuotas de $93.483,2024-08-19,1121799.0,5
Lavarropas Whirlpool Wnq70ab 7kg Carga Frontal 1200rpm ,https://articulo.mercadolibre.com.ar/MLA-1440551311-lavarropas-whirlpool-wnq70ab-7kg-carga-frontal-1200rpm-_JM#polycard_client=search-nordic&position=31&search_layout=stack&type=item&tracking_id=35387be3-edf1-46c5-8b65-a2b2f7c9e52f,$1.121.799,Mismo precio en 12 cuotas de $93.483,2024-08-19,1121799.0,5
Lavarropas Automático Samsung Ww70a4000 Inverter Silver 7kg ,https://articulo.mercadolibre.com.ar/MLA-1391295479-lavarropas-automatico-samsung-ww70a4000-inverter-silver-7kg-_JM#polycard_client=search-nordic&position=45&search_layout=stack&type=item&tracking_id=2cfe138b-242d-4545-a6bf-48fdb6aed6c8,$1.124.362,Mismo precio en 6 cuotas de $187.393,2024-08-19,1124362.0,3
Lavarropas Automático Samsung Ww70a4000 Inverter Silver 7kg ,https://articulo.mercadolibre.com.ar/MLA-1528078322-lavarropas-automatico-samsung-ww70a4000-inverter-silver-7kg-_JM#polycard_client=search-nordic&position=6&search_layout=stack&type=item&tracking_id=2cfe138b-242d-4545-a6bf-48fdb6aed6c8,$1.124.362,Mismo precio en 6 cuotas de $187.393,2024-08-19,1124362.0,3
Lavarropas Whirlpool Wnq70ab 7kg Carga Frontal 1200rpm,https://articulo.mercadolibre.com.ar/MLA-1334471153-lavarropas-whirlpool-wnq70ab-7kg-carga-frontal-1200rpm-_JM#polycard_client=search-nordic&position=38&search_layout=stack&type=item&tracking_id=c3984614-96a5-43ed-b073-1b25dbe45690,$1.124.998,Cuota Simple en 6 cuotas de $217.649,2024-08-19,1124998.0,5
Lavarropas Automatico Inverter 7kg Samsung Ww70a40000s Prm,https://articulo.mercadolibre.com.ar/MLA-1443649881-lavarropas-automatico-inverter-7kg-samsung-ww70a40000s-prm-_JM#polycard_client=search-nordic&position=26&search_layout=stack&type=item&tracking_id=96ac9ac4-ba0d-45b9-825f-39f64a8f7f08,$1.130.999,Mismo precio en 12 cuotas de $94.249,2024-08-19,1130999.0,4
Lavarropas Automático Samsung Ww70a4000s Inverter 7kg Silver,https://articulo.mercadolibre.com.ar/MLA-1885171148-lavarropas-automatico-samsung-ww70a4000s-inverter-7kg-silver-_JM#polycard_client=search-nordic&position=14&search_layout=stack&type=item&tracking_id=96ac9ac4-ba0d-45b9-825f-39f64a8f7f08,$1.143.998,Mismo precio en 6 cuotas de $190.666,2024-08-19,1143998.0,Última Disponible
Lavarropas Automático Drean Next 7.10 Eco Blanco 7kg 220 v,https://articulo.mercadolibre.com.ar/MLA-1668422234-lavarropas-automatico-drean-next-710-eco-blanco-7kg-220v-_JM#polycard_client=search-nordic&position=31&search_layout=stack&type=item&tracking_id=7edfcfc9-3f8e-4011-a71e-3d5d79fbd1c2,$1.145.298,Mismo precio en 12 cuotas de $95.441,2024-08-19,1145298.0,5
Lavarropas Automático Drean Next 7.10 Eco Blanco 7kg 220 v,https://articulo.mercadolibre.com.ar/MLA-1105869734-lavarropas-automatico-drean-next-710-eco-blanco-7kg-220v-_JM#polycard_client=search-nordic&position=29&search_layout=stack&type=item&tracking_id=7edfcfc9-3f8e-4011-a71e-3d5d79fbd1c2,$1.145.298,Mismo precio en 12 cuotas de $95.441,2024-08-19,1145298.0,10
Lavarropas automático Samsung WW70A4000SU inverter plata 7kg 220 V,https://www.mercadolibre.com.ar/lavarropas-automatico-samsung-ww70a4000su-inverter-plata-7kg-220v/p/MLA22827012#polycard_client=search-nordic&searchVariation=MLA22827012&position=13&search_layout=stack&type=product&tracking_id=c3984614-96a5-43ed-b073-1b25dbe45690&wid=MLA1845896008&sid=search,$1.149.999,Mismo precio en 12 cuotas de $95.833,2024-08-19,1149999.0,3
Lavarropas Whirlpool 7kg Wnq70ab Inv 1200rpm 15prog Blanco,https://articulo.mercadolibre.com.ar/MLA-1768885052-lavarropas-whirlpool-7kg-wnq70ab-inv-1200rpm-15prog-blanco-_JM#polycard_client=search-nordic&position=43&search_layout=stack&type=item&tracking_id=2cfe138b-242d-4545-a6bf-48fdb6aed6c8,$1.168.699,Mismo precio en 6 cuotas de $194.783,2024-08-19,1168699.0,2
Lavarropas Samsung Ww70aa46bw 7kg White 1400 Rpm Inverter ,https://articulo.mercadolibre.com.ar/MLA-1391282491-lavarropas-samsung-ww70aa46bw-7kg-white-1400-rpm-inverter-_JM#polycard_client=search-nordic&position=36&search_layout=stack&type=item&tracking_id=2cfe138b-242d-4545-a6bf-48fdb6aed6c8,$1.169.362,Mismo precio en 6 cuotas de $194.893,2024-08-19,1169362.0,Última Disponible
Lavarropas Samsung Ww70aa46bw 7kg White 1400 Rpm Inverter ,https://articulo.mercadolibre.com.ar/MLA-1528078626-lavarropas-samsung-ww70aa46bw-7kg-white-1400-rpm-inverter-_JM#polycard_client=search-nordic&position=29&search_layout=stack&type=item&tracking_id=2cfe138b-242d-4545-a6bf-48fdb6aed6c8,$1.169.362,Mismo precio en 6 cuotas de $194.893,2024-08-19,1169362.0,5
Lavarropas 7kg Invert Ww70a4000 Samsung Carga Frontal Blanco,https://articulo.mercadolibre.com.ar/MLA-1762502698-lavarropas-7kg-invert-ww70a4000-samsung-carga-frontal-blanco-_JM#polycard_client=search-nordic&position=50&search_layout=stack&type=item&tracking_id=96ac9ac4-ba0d-45b9-825f-39f64a8f7f08,$1.170.000,Sin cuotas,2024-08-19,1170000.0,2
Lavarropas Inverter Automático Samsung Ww70a4000 7kg Display,https://articulo.mercadolibre.com.ar/MLA-1390144605-lavarropas-inverter-automatico-samsung-ww70a4000-7kg-display-_JM#polycard_client=search-nordic&position=40&search_layout=stack&type=item&tracking_id=35387be3-edf1-46c5-8b65-a2b2f7c9e52f,$1.171.999,Mismo precio en 6 cuotas de $195.333,2024-08-19,1171999.0,Última Disponible
Lavarropas Samsung Ww70aa46bw Inverter 7kg Blanco 1400rpm ,https://articulo.mercadolibre.com.ar/MLA-1395735896-lavarropas-samsung-ww70aa46bw-inverter-7kg-blanco-1400rpm-_JM#polycard_client=search-nordic&position=12&search_layout=stack&type=item&tracking_id=96ac9ac4-ba0d-45b9-825f-39f64a8f7f08,$1.174.799,Sin cuotas,2024-08-19,1174799.0,5
Lavarropas Samsung Carga Frontal 7kg Ww70aa046bwu Blanco,https://articulo.mercadolibre.com.ar/MLA-1762502716-lavarropas-samsung-carga-frontal-7kg-ww70aa046bwu-blanco-_JM#polycard_client=search-nordic&position=43&search_layout=stack&type=item&tracking_id=96ac9ac4-ba0d-45b9-825f-39f64a8f7f08,$1.176.000,Sin cuotas,2024-08-19,1176000.0,4
Lavarropas 7 Kg Digital Inverter Samsung 1000rpm Carga Frontal Blanco,https://www.mercadolibre.com.ar/lavarropas-7-kg-digital-inverter-samsung-1000rpm-carga-frontal-blanco/p/MLA22234889#polycard_client=search-nordic&searchVariation=MLA22234889&position=18&search_layout=stack&type=product&tracking_id=c3984614-96a5-43ed-b073-1b25dbe45690&wid=MLA1432071909&sid=search,$1.196.207,Mismo precio en 12 cuotas de $99.683,2024-08-19,1196207.0,2
 Lavarropas Samsung Ww70a4000ee Carga Frontal Inverter 7kg,https://articulo.mercadolibre.com.ar/MLA-1869544322-lavarropas-samsung-ww70a4000ee-carga-frontal-inverter-7kg-_JM#polycard_client=search-nordic&position=25&search_layout=stack&type=item&tracking_id=35387be3-edf1-46c5-8b65-a2b2f7c9e52f,$1.221.199,Mismo precio en 12 cuotas de $101.766,2024-08-19,1221199.0,10
 Lavarropas Samsung Ww70a4000ee Carga Frontal Inverter 7kg,https://articulo.mercadolibre.com.ar/MLA-1440577415-lavarropas-samsung-ww70a4000ee-carga-frontal-inverter-7kg-_JM#polycard_client=search-nordic&position=6&search_layout=stack&type=item&tracking_id=35387be3-edf1-46c5-8b65-a2b2f7c9e52f,$1.221.199,Mismo precio en 12 cuotas de $101.766,2024-08-19,1221199.0,5
Lavarropas Automático Drean Next 7.10 Eco Cf 7kg Blanco,https://articulo.mercadolibre.com.ar/MLA-1750666054-lavarropas-automatico-drean-next-710-eco-cf-7kg-blanco-_JM#polycard_client=search-nordic&position=48&search_layout=stack&type=item&tracking_id=35387be3-edf1-46c5-8b65-a2b2f7c9e52f,$1.242.599,Mismo precio en 12 cuotas de $103.549,2024-08-19,1242599.0,50
Lavarropas automático Samsung WW70AA46BW inverter blanco 7kg 220 V,https://www.mercadolibre.com.ar/lavarropas-automatico-samsung-ww70aa46bw-inverter-blanco-7kg-220v/p/MLA24244689#polycard_client=search-nordic&searchVariation=MLA24244689&position=12&search_layout=stack&type=product&tracking_id=c3984614-96a5-43ed-b073-1b25dbe45690&wid=MLA1426578565&sid=search,$1.270.494,Mismo precio en 12 cuotas de $105.874,2024-08-19,1270494.0,2
Lavarropas Automático Carga Frontal 7 Kg - Inverter White.,https://articulo.mercadolibre.com.ar/MLA-1427098447-lavarropas-automatico-carga-frontal-7-kg-inverter-white-_JM#polycard_client=search-nordic&position=37&search_layout=stack&type=item&tracking_id=35387be3-edf1-46c5-8b65-a2b2f7c9e52f,$1.281.719,Mismo precio en 12 cuotas de $106.809,2024-08-19,1281719.0,3
Lavarropas Automático Samsung Ww70aa46bw Inverter Blanco 7kg,https://articulo.mercadolibre.com.ar/MLA-1437713119-lavarropas-automatico-samsung-ww70aa46bw-inverter-blanco-7kg-_JM#polycard_client=search-nordic&position=5&search_layout=stack&type=item&tracking_id=7edfcfc9-3f8e-4011-a71e-3d5d79fbd1c2,$1.338.999,Cuota Simple en 6 cuotas de $259.051,2024-08-19,1338999.0,10
Lavarropas Samsung Ww70a4000ee Carga Frontal Inverter 7kg,https://articulo.mercadolibre.com.ar/MLA-1421880098-lavarropas-samsung-ww70a4000ee-carga-frontal-inverter-7kg-_JM#polycard_client=search-nordic&position=16&search_layout=stack&type=item&tracking_id=35387be3-edf1-46c5-8b65-a2b2f7c9e52f,$1.343.748,Cuota Simple en 6 cuotas de $259.970,2024-08-19,1343748.0,20
Lavarropas Carga Frontal Drean Next 7.10 Blanco 7kg 1000rpm,https://articulo.mercadolibre.com.ar/MLA-1885115900-lavarropas-carga-frontal-drean-next-710-blanco-7kg-1000rpm-_JM#polycard_client=search-nordic&position=42&search_layout=stack&type=item&tracking_id=2cfe138b-242d-4545-a6bf-48fdb6aed6c8,$1.384.959,Mismo precio en 12 cuotas de $115.413,2024-08-19,1384959.0,20
Lavarropas Automático Inverter Whirlpool Wnq70ab 7kg Blanco ,https://articulo.mercadolibre.com.ar/MLA-1618926412-lavarropas-automatico-inverter-whirlpool-wnq70ab-7kg-blanco-_JM#polycard_client=search-nordic&position=17&search_layout=stack&type=item&tracking_id=35387be3-edf1-46c5-8b65-a2b2f7c9e52f,$1.499.999,Mismo precio en 6 cuotas de $249.999,2024-08-19,1499999.0,5
Lavarropas Automático Inverter Whirlpool 7kg Blanco Wnq70ab,https://articulo.mercadolibre.com.ar/MLA-1808361338-lavarropas-automatico-inverter-whirlpool-7kg-blanco-wnq70ab-_JM#polycard_client=search-nordic&position=20&search_layout=stack&type=item&tracking_id=2cfe138b-242d-4545-a6bf-48fdb6aed6c8,$1.782.299,Mismo precio en 12 cuotas de $148.524,2024-08-19,1782299.0,50
Lavarropas Whirlpool Wnq70ab Inverter Blanco 7kg Lh,https://articulo.mercadolibre.com.ar/MLA-1490539608-lavarropas-whirlpool-wnq70ab-inverter-blanco-7kg-lh-_JM#polycard_client=search-nordic&position=36&search_layout=stack&type=item&tracking_id=35387be3-edf1-46c5-8b65-a2b2f7c9e52f,$1.800.999,Mismo precio en 6 cuotas de $300.166,2024-08-19,1800999.0,20
Lavarropas Samsung Carga Frontal Ww70aa46bw 7kg Blanco,https://articulo.mercadolibre.com.ar/MLA-1243733143-lavarropas-samsung-carga-frontal-ww70aa46bw-7kg-blanco-_JM#polycard_client=search-nordic&position=13&search_layout=stack&type=item&tracking_id=35387be3-edf1-46c5-8b65-a2b2f7c9e52f,$1.844.190,Cuota Simple en 6 cuotas de $356.789,2024-08-19,1844190.0,10
Lavarropas Automático Samsung Inverter 7kg Ww70aa46bw,https://articulo.mercadolibre.com.ar/MLA-1421244255-lavarropas-automatico-samsung-inverter-7kg-ww70aa46bw-_JM#polycard_client=search-nordic&position=16&search_layout=stack&type=item&tracking_id=96ac9ac4-ba0d-45b9-825f-39f64a8f7f08,$1.848.599,Mismo precio en 12 cuotas de $154.049,2024-08-19,1848599.0,Última Disponible
